Workbook

Sheet 개요
A1: Page of Desire 전용 데이터 테이블
A3: ※ 시트 바로 가기
B5: Character
B6: CharacterLevel
B7: CharacterStat
B8: Monster
B9: CommonMonsterStat
B10: BossMonsterStat
B11: SkillSet
B12: Card
B13: StatusEffect
B14: CommonCardNoA
B15: RareCardNoA
B16: EpicCardNoA
... B21: NpcTalk
A24: ※ 문서 내역
A26: Ver | B26: 작성일 | C26: 작성자 | D26: 비고
A27: Ver05 | B27: 46013 | C27: 김남원 | D27: Village, Npc, NpcTalk 테이블 추가
D28: Character 테이블 구조 수정
A29: Ver04 | B29: 46009 | C29: 김남원 | D29: 개요 시트 생성
D30: 개발팀 테스트 위한 데이터 시트 생성

Sheet Character
A1: Id | B1: CharacterKey의 기본키 값 | C1: 캐릭터 이름 | D1: 캐릭터에 대한 설명 | E1: PC, NPC 중 택 1 기재 ① pc: 플레이어가 조종할 수 있는 캐릭터 ② npc: 플레이어가 조종할 수 없는 캐릭터 | F1: 캐릭터 이동속도 | G1: 캐릭터 이미지 리소스 | H1: 캐릭터 모델링 리소스명
A2: int | B2: string | C2: string | D2: string | E2: Enum | F2: float | G2: string | H2: string
A3: Id | B3: Key | C3: Name | D3: Desc | E3: Type | F3: MoveSpeed | G3: Img | H3: Model
A4: 1 | B4: KeyPcErion | C4: NamePcErion | D4: DescPcErion | E4: pc | F4: 3 | G4: Img_PC_Erion | H4: Model_PC_Erion
A5: 2 | B5: KeyNpcLibra | C5: NameNpcLibra | D5: DescNpcLibra | E5: npc | F5: 0 | G5: Img_Npc_Libra | H5: Model_Npc_Libra
A6: 3 | B6: KeyNpcLionel | C6: NameNpcLionel | D6: DescNpcLionel | E6: npc | F6: 0 | G6: Img_Npc_Lionel | H6: Model_Npc_Lionel

Sheet CharacterLevel
A1: 캐릭터 레벨 | B1: 레벨 상승에 필요한 경험치량
A2: int | B2: int
A3: Level | B3: NeedExp
A4: 1 | B4: 50
A5: 2 | B5: 50
A6: 3 | B6: 50
A7: 4 | B7: 50
A8: 5 | B8: 50
A9: 6 | B9: 50
A10: 7 | B10: 50
A11: 8 | B11: 50
A12: 9 | B12: 50
A13: 10 | B13: 50
A14: 11 | B14: 50
A15: 12 | B15: 50
... A53: 50 | B53: 50

Sheet CharacterStat
A1: 캐릭터 레벨 | B1: 캐릭터의 '최대 체력' 수치 | C1: 캐릭터의 방어력 수치
A2: int | B2: int | C2: int
A3: Level | B3: Hp | C3: Defense
A4: =CharacterLevel!$A4 -> 1 | B4: 50 | C4: 1
A5: =CharacterLevel!$A5 -> 2 | B5: 55 | C5: 1
A6: =CharacterLevel!$A6 -> 3 | B6: 60 | C6: 1
A7: =CharacterLevel!$A7 -> 4 | B7: 65 | C7: 1
A8: =CharacterLevel!$A8 -> 5 | B8: 70 | C8: 1
A9: =CharacterLevel!$A9 -> 6 | B9: 75 | C9: 1
A10: =CharacterLevel!$A10 -> 7 | B10: 80 | C10: 1
A11: =CharacterLevel!$A11 -> 8 | B11: 85 | C11: 1
A12: =CharacterLevel!$A12 -> 9 | B12: 90 | C12: 1
A13: =CharacterLevel!$A13 -> 10 | B13: 95 | C13: 2
A14: =CharacterLevel!$A14 -> 11 | B14: 100 | C14: 2
A15: =CharacterLevel!$A15 -> 12 | B15: 105 | C15: 2
... A53: =CharacterLevel!$A53 -> 50 | B53: 295 | C53: 6

Sheet Monster
A1: Id | B1: Monster 테이블의 기본키 | C1: 몬스터의 이름 | D1: 몬스터 설명 | E1: 몬스터 등급 Normal: 일반 Boss: 우두머리 | F1: 몬스터의 체력 배수 | G1: 몬스터의 방어력 배수 | H1: 몬스터 이동 속도 수치 | I1: 몬스터가 사용할 SkillSet | J1: 몬스터 모델링 리소스명 | K1: 몬스터 이미지 리소스명
A2: int | B2: string | C2: string | D2: string | E2: Enum | F2: float | G2: float | H2: float | I2: string | J2: string | K2: string
A3: Id | B3: MonsterKey | C3: Name | D3: Desc | E3: MonGrade | F3: HpRate | G3: DefRate | H3: MoveSpeed | I3: SkillSet | J3: Model | K3: Img
A4: 1 | B4: KeyMonster01 | C4: NameMonsterDemon | D4: DescMonsterDemon | E4: Normal | F4: 0.5 | G4: 1 | H4: 3 | I4: KeySkillSet04 | J4: Demon | K4: Img_Monster_Demon
A5: 2 | B5: KeyMonster02 | C5: NameMonsterPriest | D5: DescMonsterPriest | E5: Normal | F5: 0.6 | G5: 1 | H5: 3 | I5: KeySkillSet05 | J5: Priest | K5: Img_Monster_Priest
A6: 3 | B6: KeyMonster03 | C6: NameMonsterEvilWizard | D6: DescMonsterEvilWizard | E6: Boss | F6: 0.8 | G6: 1 | H6: 3 | I6: KeySkillSet06 | J6: EvilWizard | K6: Img_Boss_Pride
A7: 4 | B7: KeyMonster04 | C7: NameMonsterDemonEasy | D7: DescMonsterDemonEasy | E7: Normal | F7: 0.3 | G7: 1 | H7: 3 | I7: KeySkillSet01 | J7: Demon | K7: Img_Monster_Demon
A8: 5 | B8: KeyMonster05 | C8: NameMonsterPriestEasy | D8: DescMonsterPriestEasy | E8: Normal | F8: 0.35 | G8: 1 | H8: 3 | I8: KeySkillSet02 | J8: Priest | K8: Img_Monster_Priest
A9: 6 | B9: KeyMonster06 | C9: NameMonsterEvilWizardEasy | D9: DescMonsterEvilWizardEasy | E9: Boss | F9: 0.5 | G9: 1 | H9: 3 | I9: KeySkillSet03 | J9: EvilWizard | K9: Img_Boss_Pride

Sheet SkillSet
A1: Id | B1: MonsterSkillSet 테이블의 기본키 | C1: 몬스터 등급 | D1: 1번 스킬칸 | E1: 1번 스킬칸 가중치 | F1: 1번 스킬칸 스킬 레벨 | G1: 2번 스킬칸 | H1: 2번 스킬칸 가중치 | I1: 2번 스킬칸 스킬 레벨 | J1: 3번 스킬칸 | K1: 3번 스킬칸 가중치 | L1: 3번 스킬칸 스킬 레벨 | M1: 4번 스킬칸 | N1: 4번 스킬칸 가중치 | O1: 4번 스킬칸 스킬 레벨
A2: int | B2: string | C2: Enum | D2: string | E2: float | F2: int | G2: string | H2: float | I2: int | J2: string | K2: float | L2: int | M2: string | N2: float | O2: int
A3: Id | B3: Key | C3: MonGrade | D3: SkillSlot1 | E3: Slot1Weight | F3: Slot1Level | G3: SkillSlot2 | H3: Slot2Weight | I3: Slot2Level | J3: SkillSlot3 | K3: Slot3Weight | L3: Slot3Level | M3: SkillSlot4 | N3: Slot4Weight | O3: Slot4Level
A4: 1 | B4: KeySkillSet01 | C4: Normal | D4: KeyCardFireball | E4: 7 | F4: 1 | G4: KeyCardThreat | H4: 3 | I4: 1
A5: 2 | B5: KeySkillSet02 | C5: Normal | D5: KeyCardSwipe | E5: 5 | F5: 1 | G5: KeyCardLazer | H5: 5 | I5: 1
A6: 3 | B6: KeySkillSet03 | C6: Boss | D6: KeyCardPsychoKinesis | E6: 3 | F6: 1 | G6: KeyCardPride | H6: 2 | I6: 1 | J6: KeyCardLeap | K6: 2 | L6: 1 | M6: KeyCardFireless | N6: 3 | O6: 1
A7: 4 | B7: KeySkillSet04 | C7: Normal | D7: KeyCardFireball | E7: 7 | F7: 5 | G7: KeyCardThreat | H7: 3 | I7: 5
A8: 5 | B8: KeySkillSet05 | C8: Normal | D8: KeyCardSwipe | E8: 5 | F8: 5 | G8: KeyCardLazer | H8: 5 | I8: 5
A9: 6 | B9: KeySkillSet06 | C9: Boss | D9: KeyCardPsychoKinesis | E9: 3 | F9: 5 | G9: KeyCardPride | H9: 2 | I9: 5 | J9: KeyCardLeap | K9: 2 | L9: 4 | M9: KeyCardFireless | N9: 3 | O9: 5

Sheet CommonMonsterStat
A1: 몬스터 레벨 | B1: 몬스터 최대 체력 | C1: 몬스터 방어력
A2: int | B2: int | C2: int
A3: Level | B3: Hp | C3: Defense
A4: 1 | B4: 50 | C4: 0
A5: 2 | B5: 55 | C5: 0
A6: 3 | B6: 60 | C6: 0
A7: 4 | B7: 70 | C7: 0
A8: 5 | B8: 75 | C8: 0
A9: 6 | B9: 80 | C9: 0
A10: 7 | B10: =BossMonsterStat!$B6 -> 85 | C10: 0
A11: 8 | B11: =BossMonsterStat!$B7 -> 90 | C11: 0
A12: 9 | B12: =BossMonsterStat!$B8 -> 95 | C12: 0
A13: 10 | B13: =BossMonsterStat!$B9 -> 100 | C13: 1
A14: 11 | B14: =BossMonsterStat!$B10 -> 105 | C14: 1
A15: 12 | B15: =BossMonsterStat!$B11 -> 110 | C15: 1
A16: 13 | B16: =BossMonsterStat!$B12 -> 115 | C16: 1
A17: 14 | B17: =BossMonsterStat!$B13 -> 120 | C17: 1
A18: 15 | B18: =BossMonsterStat!$B14 -> 125 | C18: 1
A19: 16 | B19: =BossMonsterStat!$B15 -> 130 | C19: 1
A20: 17 | B20: =BossMonsterStat!$B16 -> 135 | C20: 1
A21: 18 | B21: =BossMonsterStat!$B17 -> 140 | C21: 1
... A63: 60 | B63: =BossMonsterStat!$B59 -> 350 | C63: 6

Sheet BossMonsterStat
A1: 몬스터 레벨 | B1: 몬스터 최대 체력 | C1: 몬스터 방어력
A2: int | B2: int | C2: int
A3: Level | B3: Hp | C3: Defense
A4: 1 | B4: 75 | C4: 1
A5: 2 | B5: 80 | C5: 1
A6: 3 | B6: 85 | C6: 1
A7: 4 | B7: 90 | C7: 1
A8: 5 | B8: 95 | C8: 1
A9: 6 | B9: 100 | C9: 1
A10: 7 | B10: 105 | C10: 1
A11: 8 | B11: 110 | C11: 1
A12: 9 | B12: 115 | C12: 1
A13: 10 | B13: 120 | C13: 2
A14: 11 | B14: 125 | C14: 2
A15: 12 | B15: 130 | C15: 2
... A63: 60 | B63: 370 | C63: 7

Sheet Card
A1: Id | B1: Card 데이터 테이블의 기본키 | C1: 카드(스킬)의 이름 | D1: 카드와 스킬을 구분하기 위한 칼럼 true: 카드 false: 스킬 | E1: 카드(스킬)의 설명 | F1: 카드(스킬) 등급 Common (본문) Rare (목차) Epic (표지) Legendary (고서) | G1: 스킬 적용 대상 Self (자신) Enemy (상대방) | H1: 아래 항목 중 택 1 기재 Attack (공격): Healing (치유) Shield (방어) Spell (주문) | I1: 카드 강화 1단계 능력치 수치 | J1: 카드 강화 단계가 증가할 때마다 증가하는 능력치 수치 | K1: StatusEffect 데이터 테이블의 Key값 입력 | L1: 카드(스킬) 사용 시 적용되어야 할 상태이상(화상, 중독) 스택 수, 강화 효과, 약화 효과 수치- | M1: 강화, 약화 효과가 적용될 턴의 수 | N1: 카드 이미지 리소스명
A2: int | B2: string | C2: string | D2: Bool | E2: string | F2: Enum | G2: Enum | H2: Enum | I2: int | J2: int | K2: string | L2: string | M2: int | N2: string
A3: Id | B3: Key | C3: Name | D3: IsCard | E3: Desc | F3: CardGrade | G3: Target | H3: CardType | I3: BaseValue | J3: ValuePerLevel | K3: StatusEffect | L3: StatusEffectValue | M3: Turn | N3: CardImg
A4: 1 | B4: KeyCardFireball | C4: NameCardFireball | D4: false | E4: DescCardFireball | F4: Common | G4: Enemy | H4: Attack | I4: 5 | J4: 1 | L4: 0 | M4: 0
A5: 2 | B5: KeyCardThreat | C5: NameCardThreat | D5: false | E5: DescCardThreat | F5: Rare | G5: Enemy | H5: Spell | I5: 0 | J5: 0 | K5: KeyStatusStigma | L5: 0 | M5: 3
A6: 3 | B6: KeyCardSwipe | C6: NameCardSwipe | D6: false | E6: DescCardSwipe | F6: Common | G6: Enemy | H6: Attack | I6: 5 | J6: 1 | L6: 0 | M6: 0
A7: 4 | B7: KeyCardLazer | C7: NameCardLazer | D7: false | E7: DescCardLazer | F7: Rare | G7: Enemy | H7: Spell | I7: 0 | J7: 0 | K7: KeyStatusBurn | L7: 3 | M7: 0
A8: 5 | B8: KeyCardPsychoKinesis | C8: NameCardPsychoKinesis | D8: false | E8: DescCardPsychoKinesis | F8: Common | G8: Enemy | H8: Attack | I8: 5 | J8: 1 | L8: 0 | M8: 0 | N8: Img_BossCard_PsychoKinesis
A9: 6 | B9: KeyCardPride | C9: NameCardPride | D9: false | E9: DescCardPride | F9: Legendary | G9: Self | H9: Spell | I9: 0 | J9: 0 | K9: KeyStatusPride | L9: 0 | M9: 2 | N9: Img_BossCard_Pride
A10: 7 | B10: KeyCardLeap | C10: NameCardLeap | D10: false | E10: DescCardLeap | F10: Common | G10: Enemy | H10: Healing | I10: 6 | J10: 1 | L10: 0 | M10: 0 | N10: Img_BossCard_Leap
A11: 8 | B11: KeyCardFireless | C11: NameCardFireless | D11: false | E11: DescCardFireless | F11: Epic | G11: Enemy | H11: Attack | I11: 10 | J11: 3 | K11: KeyStatusBurn | L11: 3 | M11: 0 | N11: Img_BossCard_Fireless
A12: 9 | B12: KeyCardBanBookThrowing | C12: NameCardBanBookThrowing | D12: true | E12: DescCardBanBookThrowing | F12: Common | G12: Enemy | H12: Attack | I12: 5 | J12: 1 | N12: Img_Card_BanBookThrowing
A13: 10 | B13: KeyCardOldBookBreakDown | C13: NameCardOldBookBreakDown | D13: true | E13: DescCardOldBookBreakDown | F13: Common | G13: Enemy | H13: Attack | I13: 6 | J13: 1 | N13: Img_Card_OldBookBreakDown
A14: 11 | B14: KeyCardWeightOfKnowledge | C14: NameCardWeightOfKnowledge | D14: true | E14: DescCardWeightOfKnowledge | F14: Rare | G14: Enemy | H14: Attack | I14: 8 | J14: 2 | N14: Img_Card_WeightOfKnowledge
A15: 12 | B15: KeyCardRecordExpunged | C15: NameCardRecordExpunged | D15: true | E15: DescCardRecordExpunged | F15: Epic | G15: Enemy | H15: Attack | I15: 13 | J15: 3 | N15: Img_Card_RecordExpunged
A16: 13 | B16: KeyCardBanBookCrush | C16: NameCardBanBookCrush | D16: true | E16: DescCardBanBookCrush | F16: Rare | G16: Enemy | H16: Attack | I16: 10 | J16: 2 | N16: Img_Card_BanBookCrush
A17: 14 | B17: KeyCardBookshelfCollapse | C17: NameCardBookshelfCollapse | D17: true | E17: DescCardBookshelfCollapse | F17: Epic | G17: Enemy | H17: Attack | I17: 13 | J17: 3 | N17: Img_Card_BookshelfCollapse
A18: 15 | B18: KeyCardRewindHistory | C18: NameCardRewindHistory | D18: true | E18: DescCardRewindHistory | F18: Common | G18: Self | H18: Healing | I18: 5 | J18: 1 | N18: Img_Card_RewindHistory
A19: 16 | B19: KeyCardEmergencyRestore | C19: NameCardEmergencyRestore | D19: true | E19: DescCardOldBookReconstruction | F19: Common | G19: Self | H19: Healing | I19: 6 | J19: 1 | N19: Img_Card_EmergencyRestore
A20: 17 | B20: KeyCardOldBookReconstruction | C20: NameCardOldBookReconstruction | D20: true | E20: DescCardOldBookReconstruction | F20: Rare | G20: Self | H20: Healing | I20: 8 | J20: 2 | N20: Img_Card_OldBookReconstruction
A21: 18 | B21: KeyCardLeisureofDinner | C21: NameCardLeisureofDinner | D21: true | E21: DescCardLeisureofDinner | F21: Epic | G21: Self | H21: Healing | I21: 13 | J21: 3 | N21: Img_Card_LeisureofDinner
A22: 19 | B22: KeyCardCurtainOfLetters | C22: NameCardCurtainOfLetters | D22: true | E22: DescCardCurtainOfLetters | F22: Rare | G22: Self | H22: Shield | I22: 8 | J22: 2 | N22: Img_Card_CurtainOfLetters
A23: 20 | B23: KeyCardOldBookShield | C23: NameCardOldBookShield | D23: true | E23: DescCardOldBookShield | F23: Common | G23: Self | H23: Shield | I23: 5 | J23: 1 | N23: Img_Card_OldBookShield
A24: 21 | B24: KeyCardAccumulatedKnowledge | C24: NameCardAccumulatedKnowledge | D24: true | E24: DescCardAccumulatedKnowledge | F24: Epic | G24: Self | H24: Spell | I24: 0 | J24: 0 | K24: KeyStatusKnowledge | L24: 0 | M24: 2 | N24: Img_Card_AccumulatedKnowledge
A25: 22 | B25: KeyCardOldBookStigma | C25: NameCardOldBookStigma | D25: true | E25: DescCardOldBookStigma | F25: Rare | G25: Enemy | H25: Spell | I25: 0 | J25: 0 | K25: KeyStatusStigma | L25: 0 | M25: 2 | N25: Img_CardOldBookStigma
A26: 23 | B26: KeyCardBanBookDespair | C26: NameCardBanBookDespair | D26: true | E26: DescCardBanBookDespair | F26: Epic | G26: Enemy | H26: Spell | I26: 0 | J26: 0 | K26: KeyStatusDespair | L26: 0 | M26: 4 | N26: Img_Card_BanBookDespair
A27: 24 | B27: KeyCardCorrodedInk | C27: NameCardCorrodedInk | D27: true | E27: DescCardCorrodedInk | F27: Rare | G27: Enemy | H27: Spell | I27: 0 | J27: 0 | K27: =StatusEffect!$B$9 -> KeyStatusPoison | L27: 6 | M27: 0 | N27: Img_Card_CorrodedInk
A28: 25 | B28: KeyCardSpreadingStain | C28: NameCardSpreadingStain | D28: true | E28: DescCardSpreadingStain | F28: Epic | G28: Enemy | H28: Spell | I28: 0 | J28: 0 | K28: =StatusEffect!$B$9 -> KeyStatusPoison | L28: 8 | M28: 0 | N28: Img_Card_SpreadingStain
A29: 26 | B29: KeyCardAshes | C29: NameCardAshes | D29: true | E29: DescCardAshes | F29: Rare | G29: Enemy | H29: Spell | I29: 0 | J29: 0 | K29: KeyStatusBurn | L29: 6 | M29: 0 | N29: Img_Card_Ashes
A30: 27 | B30: KeyCardOldBookHeatRelease | C30: NameCardOldBookHeatRelease | D30: true | E30: DescCardOldBookHeatRelease | F30: Epic | G30: Enemy | H30: Spell | I30: 0 | J30: 0 | K30: KeyStatusBurn | L30: 8 | M30: 0 | N30: Img_Card_OldBookHeatRelease

Sheet Reward
A1: ID | B1: 리워드 테이블 기본키 | C1: 보상 아이템 | D1: 보상 타입 | E1: 보상 그룹 | F1: 최소 개수 | G1: 최대 개수 | H1: 등장 확률 | I1: 단위
A2: int | B2: string | C2: string | D2: string | E2: int | F2: int | G2: int | H2: float | I2: int
A3: Id | B3: Key | C3: RewardItem | D3: RewardType | E3: RewardGroup | F3: MinAmount | G3: MaxAmount | H3: Probability | I3: Measure
A4: 1 | B4: KeyReward001 | C4: KeyCurrencyGold001 | D4: Currency | E4: 1 | F4: 400 | G4: 600 | H4: 1 | I4: 10
A5: 2 | B5: KeyReward002 | C5: KeyCardBanBookThrowing | D5: Card | E5: 1 | F5: 1 | G5: 1 | H5: 0.08 | I5: 1
A6: 3 | B6: KeyReward003 | C6: KeyCardOldBookBreakDown | D6: Card | E6: 1 | F6: 1 | G6: 1 | H6: 0.08 | I6: 1
A7: 4 | B7: KeyReward004 | C7: KeyCardWeightOfKnowledge | D7: Card | E7: 1 | F7: 1 | G7: 1 | H7: 0.05 | I7: 1
A8: 5 | B8: KeyReward005 | C8: KeyCardRecordExpunged | D8: Card | E8: 1 | F8: 1 | G8: 1 | H8: 0.0357 | I8: 1
A9: 6 | B9: KeyReward006 | C9: KeyCardBanBookCrush | D9: Card | E9: 1 | F9: 1 | G9: 1 | H9: 0.05 | I9: 1
A10: 7 | B10: KeyReward007 | C10: KeyCardBookshelfCollapse | D10: Card | E10: 1 | F10: 1 | G10: 1 | H10: 0.0357 | I10: 1
A11: 8 | B11: KeyReward008 | C11: KeyCardRewindHistory | D11: Card | E11: 1 | F11: 1 | G11: 1 | H11: 0.08 | I11: 1
A12: 9 | B12: KeyReward009 | C12: KeyCardEmergencyRestore | D12: Card | E12: 1 | F12: 1 | G12: 1 | H12: 0.08 | I12: 1
A13: 10 | B13: KeyReward010 | C13: KeyCardOldBookReconstruction | D13: Card | E13: 1 | F13: 1 | G13: 1 | H13: 0.05 | I13: 1
A14: 11 | B14: KeyReward011 | C14: KeyCardLeisureofDinner | D14: Card | E14: 1 | F14: 1 | G14: 1 | H14: 0.0357 | I14: 1
A15: 12 | B15: KeyReward012 | C15: KeyCardCurtainOfLetters | D15: Card | E15: 1 | F15: 1 | G15: 1 | H15: 0.05 | I15: 1
... A51: 48 | B51: KeyReward048 | C51: KeyCardFireless | D51: BossCard | E51: 2 | F51: 1 | G51: 2 | H51: 0.2 | I51: 1

Sheet StatusEffect
A1: Id | B1: StatusEffect 테이블의 기본키 | C1: 강화, 약화, 상태이상 효과의 이름 | D1: 강화, 약화, 상태이상 효과의 설명 | E1: 강화, 약화, 상태이상 효과를 분류하는 컬럼 아래 중 택 1 기재 Buff: 대상을 강화시키는 효과 DeBuff: 대상을 약화시키는 효과 Dot: 본인(캐릭터, 몬스터)의 턴이 종료되었을 때 피해를 입히는 방식 | F1: 강화, 약화, 상태이상 효과가 실제로 적용되는 형태를 정의한 컬럼 아래 중 택 1 기재 StatMod: 능력치 변경 (Stat Modifier) Accuracy: 공격 타입 카드의 명중률에 관여함 DmgTaken: 받는 피해량에 영향을 미침 TurnEndDmg: 턴이 종료되었을 때 피해를 입힘 | G1: 강화, 약화, 상태이상 효과의 고정 계수 혹은 배율 | H1: 턴 종료 시 감소하는 형태 Turn: 지속 시간 1 감소 Stack: 스택 1 감소 | I1: 캐릭터에게 적용되는 최대 수치 | J1: 몬스터에게 적용되는 최대 수치 | K1: 강화, 약화, 상태이상 효과의 아이콘 이미지
A2: int | B2: string | C2: string | D2: string | E2: Enum | F2: Enum | G2: float | H2: enum | I2: int | J2: int | K2: string
A3: Id | B3: Key | C3: Name | D3: Desc | E3: BuffType | F3: EffectLogic | G3: ValueFormula | H3: DecreaseType | I3: MaxChar | J3: MaxMon | K3: Img
A4: 1 | B4: KeyStatusBurn | C4: NameStatusBurn | D4: DescStatusBurn | E4: DoT | F4: TurnEndDmg | G4: 1.0 | H4: Stack | I4: 99 | J4: 99 | K4: Img_StatusBurn
A5: 2 | B5: KeyStatusPride | C5: NameStatusPride | D5: DescStatusPride | E5: Buff | F5: StatMod | G5: 0.3 | H5: Turn | I5: 4 | J5: 99 | K5: Img_StatusPride
A6: 3 | B6: KeyStatusStigma | C6: NameStatusStigma | D6: DescStatusStigma | E6: DeBuff | F6: DmgTaken | G6: 0.25 | H6: Turn | I6: 8 | J6: 99 | K6: Img_StatusStigma
A7: 4 | B7: KeyStatusKnowledge | C7: NameStatusKnowledge | D7: DescStatusKnowledge | E7: Buff | F7: StatMod | G7: 0.15 | H7: Turn | I7: 4 | J7: 99 | K7: Img_Status_Knowledge
A8: 5 | B8: KeyStatusDespair | C8: NameStatusDespair | D8: DescStatusDespair | E8: DeBuff | F8: DmgTaken | G8: 0.5 | H8: Turn | I8: 8 | J8: 99 | K8: Img_Status_Despair
A9: 6 | B9: KeyStatusPoison | C9: NameStatusPoison | D9: DescStatusPoison | E9: DoT | F9: TurnEndDmg | G9: 1 | H9: Stack | I9: 99 | J9: 99 | K9: Img_StatusPoison
A10: 7 | B10: KeyStatusVulnerable | C10: NameStatusVulnerable | D10: DescStatusVulnerable | E10: DeBuff | F10: DmgTaken | G10: 0.5 | H10: Turn | I10: 8 | J10: 99 | K10: Img_Status_Vulnerable

Sheet CommonCardNoA
A1: 카드 등급 | B1: 카드 강화 단계 | C1: 카드 사용 가능 횟수
A2: Enum | B2: int | C2: int
A3: CardGrade | B3: Level | C3: NumberOfAvailable
A4: Common | B4: 1 | C4: 5
A5: Common | B5: 2 | C5: 5
A6: Common | B6: 3 | C6: 5
A7: Common | B7: 4 | C7: 5
A8: Common | B8: 5 | C8: 6
A9: Common | B9: 6 | C9: 6
A10: Common | B10: 7 | C10: 6

Sheet RareCardNoA
A1: 카드 등급 | B1: 카드 강화 단계 | C1: 카드 사용 가능 횟수
A2: Enum | B2: int | C2: int
A3: CardGrade | B3: Level | C3: NumberOfAvailable
A4: Rare | B4: 1 | C4: 4
A5: Rare | B5: 2 | C5: 4
A6: Rare | B6: 3 | C6: 4
A7: Rare | B7: 4 | C7: 4
A8: Rare | B8: 5 | C8: 5
A9: Rare | B9: 6 | C9: 5
A10: Rare | B10: 7 | C10: 5

Sheet EpicCardNoA
A1: 카드 등급 | B1: 카드 강화 단계 | C1: 카드 사용 가능 횟수
A2: Enum | B2: int | C2: int
A3: CardGrade | B3: Level | C3: NumberOfAvailable
A4: Epic | B4: 1 | C4: 3
A5: Epic | B5: 2 | C5: 3
A6: Epic | B6: 3 | C6: 3
A7: Epic | B7: 4 | C7: 3
A8: Epic | B8: 5 | C8: 4
A9: Epic | B9: 6 | C9: 4
A10: Epic | B10: 7 | C10: 4

Sheet LegendaryCardNoA
A1: 카드 등급 | B1: 카드 강화 단계 | C1: 카드 사용 가능 횟수
A2: Enum | B2: int | C2: int
A3: CardGrade | B3: Level | C3: NumberOfAvailable
A4: Legendary | B4: 1 | C4: 1
A5: Legendary | B5: 2 | C5: 2
A6: Legendary | B6: 3 | C6: 3
A7: Legendary | B7: 4 | C7: 4
A8: Legendary | B8: 5 | C8: 5
A9: Legendary | B9: 6 | C9: 6
A10: Legendary | B10: 7 | C10: 7

Sheet String
A1: Id | B1: 스트링 테이블의 기본키값 | C1: 한국어
A2: int | B2: string | C2: string
A3: Id | B3: Key | C3: Korean
A4: 1 | B4: =Monster!$C4 -> NameMonsterDemon | C4: 데몬
A5: 2 | B5: =Monster!$C5 -> NameMonsterPriest | C5: 오만 사제
A6: 3 | B6: =Monster!$C6 -> NameMonsterEvilWizard | C6: 오만의 정령
A7: 4 | B7: =Monster!$D4 -> DescMonsterDemon | C7: 날아다니며 숲을 어지럽히는 데몬이다. 파이어볼을 뿜으며 사람들에게 위협을 가한다.
A8: 5 | B8: =Monster!$D5 -> DescMonsterPriest | C8: 오만의 정령의 하수인인 오만 사제이다. 오만 사제의 레이저에는 화상을 입는다
A9: 6 | B9: =Monster!$D6 -> DescMonsterEvilWizard | C9: 오만의 정령이다. 화상을 잘 다루며 오만한 성격을 가졌다.
A10: 7 | B10: NameCardFireball | C10: 파이어볼
A11: 8 | B11: NameCardThreat | C11: 위협
A12: 9 | B12: NameCardSwipe | C12: 휘두르기
A13: 10 | B13: NameCardLazer | C13: 레이저
A14: 11 | B14: NameCardPsychoKinesis | C14: 염력
A15: 12 | B15: NameCardPride | C15: 오만
A16: 13 | B16: NameCardLeap | C16: 도약
A17: 14 | B17: NameCardFireless | C17: 꺼지지 않는 불꽃
A18: 15 | B18: DescCardFireball | C18: 대상에게 피해를 {D} 줍니다.
A19: 16 | B19: DescCardThreat | C19: 대상에게 낙인 효과를 입힙니다.
A20: 17 | B20: DescCardSwipe | C20: 대상에게 피해를 {D} 줍니다.
A21: 18 | B21: DescCardLazer | C21: 대상에게 빔 형태의 불을 발사해 화상을 {SEV} 부여합니다.
... A106: 103 | B106: DescDungeonPrideEasy | C106: 약화된 오만의 정령으로 인해 어지럽혀진 숲이다. 약화된 몬스터들이 상주하는 공간이다.
A107: 104 | B107: =Monster!$C7 -> NameMonsterDemonEasy | C107: 약화된 데몬
A108: 105 | B108: =Monster!$C8 -> NameMonsterPriestEasy | C108: 약화된 오만 사제
A109: 106 | B109: =Monster!$C9 -> NameMonsterEvilWizardEasy | C109: 약화된 오만의 정령
A110: 107 | B110: =Monster!$D7 -> DescMonsterDemonEasy | C110: 날아다니며 숲을 어지럽히는 노쇠화된 데몬이다. 파이어볼을 뿜으며 사람들에게 위협을 가한다.
A111: 108 | B111: =Monster!$D8 -> DescMonsterPriestEasy | C111: 오만의 정령의 하수인인 노쇠한 오만 사제이다. 오만 사제의 레이저에는 화상을 입는다
A112: 109 | B112: =Monster!$D9 -> DescMonsterEvilWizardEasy | C112: 오만의 정령의 분신이다. 화상을 잘 다루며 오만한 성격을 가졌다.

Sheet Stage
A1: Id | B1: 스테이지 테이블의 기본키 | C1: 던전 테이블의 기본키 기재 | D1: 소환될 몬스터 | E1: 스테이지(맵) 배경 이미지 리소스 | F1: 스테이지(맵) 배경 BGM 리소스
A2: int | B2: string | C2: string | D2: string | E2: string | F2: string
A3: Id | B3: StageKey | C3: Dungeon | D3: SpawnMonster | E3: Img | F3: bgm
A4: 1 | B4: KeyDungeonPrideStage01 | C4: =Dungeon!$B$4 -> KeyDungeonPride | D4: KeyMonster01 | E4: Img_Dungeon_Pride | F4: BGM_Dungeon_Pride_Normal
A5: 2 | B5: KeyDungeonPrideStage02 | C5: =Dungeon!$B$4 -> KeyDungeonPride | D5: KeyMonster02 | E5: Img_Dungeon_Pride | F5: BGM_Dungeon_Pride_Normal
A6: 3 | B6: KeyDungeonPrideStage03 | C6: =Dungeon!$B$4 -> KeyDungeonPride | D6: KeyMonster03 | E6: Img_Dungeon_Pride | F6: BGM_Dungeon_Pride_Boss
A7: 4 | B7: KeyDungeonPrideEasyStage01 | C7: =Dungeon!$B$5 -> KeyDungeonPrideEasy | D7: KeyMonster04 | E7: Img_Dungeon_Pride | F7: BGM_Dungeon_Pride_Normal
A8: 5 | B8: KeyDungeonPrideEasyStage02 | C8: =Dungeon!$B$5 -> KeyDungeonPrideEasy | D8: KeyMonster05 | E8: Img_Dungeon_Pride | F8: BGM_Dungeon_Pride_Normal
A9: 6 | B9: KeyDungeonPrideEasyStage03 | C9: =Dungeon!$B$5 -> KeyDungeonPrideEasy | D9: KeyMonster06 | E9: Img_Dungeon_Pride | F9: BGM_Dungeon_Pride_Boss

Sheet Village
A1: Id | B1: Village 테이블 키값 | C1: 마을 이름 | D1: 캐릭터 소환 영역 X좌표 시작값 | E1: 캐릭터 소환 영역 Y좌표 시작값 | F1: 던전 선택 화면 진입 영역 시작 좌표값 | G1: 던전 선택 화면 진입 영역 종료 좌표값 | H1: 마을 배경 | I1: 마을 BGM
A2: int | B2: string | C2: string | D2: float | E2: float | F2: float | G2: float | H2: string | I2: string
A3: Id | B3: Key | C3: Name | D3: CharSpawnAreaX | E3: CharSpwnAreaY | F3: DungeonEntranceArea | G3: DungeonEntranceEndArea | H3: Img | I3: Bgm
A4: 1 | B4: KeyVillageSilencia | C4: NameVillageSilencia | D4: -1.5 | E4: -2 | H4: Img_Village_Silencia

Sheet Npc
A1: Id | B1: NPC가 배치될 마을의 Village 테이블 키 값 기재 | C1: 마을에 배치될 NPC의 Character 테이블 키값 기재 | D1: Npc가 배치될 X 좌표 시작값 | E1: Npc가 배치될 Y 좌표 시작값
A2: int | B2: string | C2: string | D2: float | E2: float
A3: Id | B3: Village | C3: Npc | D3: NpcAreaX | E3: NpcAreaY
A4: 1 | B4: KeyVillageSilencia | C4: KeyNpcLibra | D4: 2.5 | E4: -1
A5: 2 | B5: KeyVillageSilencia | C5: KeyNpcLionel | D5: -5.5 | E5: -1.5

Sheet NpcTalk
A1: Id | B1: 상호작용 UI 대사가 출력될 캐릭터의 키값 기재 | C1: 상호작용 UI에서 출력될 캐릭터 대사 1 | D1: 상호작용 UI에서 출력될 캐릭터 대사 2 | E1: 상호작용 UI에서 출력될 캐릭터 대사 3 | F1: 상호작용 UI에서 출력될 캐릭터 대사 4
A2: int | B2: string | C2: string | D2: string | E2: string | F2: string
A3: Id | B3: Npc | C3: NpcTalk1 | D3: NpcTalk2 | E3: NpcTalk3 | F3: NpcTalk4
A4: 1 | B4: KeyNpcLibra | C4: TalkNpcLibra1 | D4: TalkNpcLibra2 | E4: TalkNpcLibra3 | F4: TalkNpcLibra4
A5: 2 | B5: KeyNpcLionel | C5: TalkNpcLionel1 | D5: TalkNpcLionel2 | E5: TalkNpcLionel3 | F5: TalkNpcLionel4

Sheet Dungeon
A1: Id | B1: 던전 테이블의 기본키 | C1: 던전 이름 | D1: 던전 설명 | E1: 던전 배경 이미지 리소스 | F1: 던전 해금 레벨 | G1: 스테이지(맵) 개수 | H1: 1슬롯 확률 | I1: 2슬롯 확률 | J1: 3슬롯 확률 | K1: 4슬롯 확률 | L1: 보상 그룹 | M1: 덱편성 테이블 키값 | N1: 획득 경험치
A2: int | B2: string | C2: string | D2: string | E2: string | F2: int | G2: int | H2: float | I2: float | J2: float | K2: float | L2: int | M2: string | N2: int
A3: Id | B3: DungeonKey | C3: Name | D3: Desc | E3: Img | F3: RequiredLevel | G3: NumberOfStages | H3: Slot1Probability | I3: Slot2Probability | J3: Slot3Probability | K3: Slot4Probability | L3: RewardGroup | M3: Deck | N3: Exp
A4: 1 | B4: KeyDungeonPride | C4: NameDungeonPride | D4: DescDungeonPride | E4: Img_Dungeon_Pride | F4: 7 | G4: 3 | H4: 1 | I4: 0.7 | J4: 0.5 | L4: 2 | M4: DeckKeyPride | N4: 20
A5: 2 | B5: KeyDungeonPrideEasy | C5: NameDungeonPrideEasy | D5: DescDungeonPrideEasy | E5: Img_Dungeon_Pride | F5: 1 | G5: 3 | H5: 1 | I5: 0.7 | J5: 0.5 | L5: 1 | M5: DeckKeyPrideEasy | N5: 10

Sheet Deck
A1: ID | B1: 덱편성 테이블 기본 키 | C1: 일반 등급 개수 | D1: 희귀 등급 개수 | E1: 영웅 등급 개수
A2: int | B2: string | C2: int | D2: int | E2: int
A3: id | B3: DeckKey | C3: NormalCount | D3: RareCount | E3: EpicCount
A4: 1 | B4: DeckKeyPrideEasy | C4: 4 | D4: 1 | E4: 1
A5: 2 | B5: DeckKeyPride | C5: 3 | D5: 2 | E5: 1

Sheet StrCommon
A1: id | B1: 카드 등급 | C1: 현재 강화 단계 | D1: 강화 후 단계 | E1: 필요 카드량 | F1: 소모 재화 | G1: 필요 재화량
A2: int | B2: Enum | C2: int | D2: int | E2: int | F2: string | G2: int
A3: Id | B3: CardGrade | C3: Level | D3: NextLevel | E3: ReqCardAmount | F3: ReqCurrency | G3: ReqCurrencyAmount
A4: 1 | B4: Common | C4: 1 | D4: 2 | E4: 1 | F4: KeyCurrencyGold001 | G4: 0
A5: 2 | B5: Common | C5: 2 | D5: 3 | E5: 4 | F5: KeyCurrencyGold001 | G5: 1000
A6: 3 | B6: Common | C6: 3 | D6: 4 | E6: 8 | F6: KeyCurrencyGold001 | G6: 1500
A7: 4 | B7: Common | C7: 4 | D7: 5 | E7: 16 | F7: KeyCurrencyGold001 | G7: 2500
A8: 5 | B8: Common | C8: 5 | D8: 6 | E8: 28 | F8: KeyCurrencyGold001 | G8: 3800
A9: 6 | B9: Common | C9: 6 | D9: 7 | E9: 50 | F9: KeyCurrencyGold001 | G9: 6000
A10: 7 | B10: Common | C10: 7

Sheet StrRare
A1: id | B1: 카드 등급 | C1: 현재 강화 단계 | D1: 강화 후 단계 | E1: 필요 카드량 | F1: 소모 재화 | G1: 필요 재화량
A2: int | B2: Enum | C2: int | D2: int | E2: int | F2: string | G2: int
A3: Id | B3: CardGrade | C3: Level | D3: NextLevel | E3: ReqCardAmount | F3: ReqCurrency | G3: ReqCurrencyAmount
A4: 1 | B4: Rare | C4: 1 | D4: 2 | E4: 1 | F4: KeyCurrencyGold001 | G4: 0
A5: 2 | B5: Rare | C5: 2 | D5: 3 | E5: 3 | F5: KeyCurrencyGold001 | G5: 1500
A6: 3 | B6: Rare | C6: 3 | D6: 4 | E6: 6 | F6: KeyCurrencyGold001 | G6: 2500
A7: 4 | B7: Rare | C7: 4 | D7: 5 | E7: 12 | F7: KeyCurrencyGold001 | G7: 3800
A8: 5 | B8: Rare | C8: 5 | D8: 6 | E8: 21 | F8: KeyCurrencyGold001 | G8: 6000
A9: 6 | B9: Rare | C9: 6 | D9: 7 | E9: 40 | F9: KeyCurrencyGold001 | G9: 9000
A10: 7 | B10: Rare | C10: 7

Sheet StrEpic
A1: id | B1: 카드 등급 | C1: 현재 강화 단계 | D1: 강화 후 단계 | E1: 필요 카드량 | F1: 소모 재화 | G1: 필요 재화량
A2: int | B2: Enum | C2: int | D2: int | E2: int | F2: string | G2: int
A3: Id | B3: CardGrade | C3: Level | D3: NextLevel | E3: ReqCardAmount | F3: ReqCurrency | G3: ReqCurrencyAmount
A4: 1 | B4: Epic | C4: 1 | D4: 2 | E4: 1 | F4: KeyCurrencyGold001 | G4: 0
A5: 2 | B5: Epic | C5: 2 | D5: 3 | E5: 2 | F5: KeyCurrencyGold001 | G5: 2500
A6: 3 | B6: Epic | C6: 3 | D6: 4 | E6: 4 | F6: KeyCurrencyGold001 | G6: 3800
A7: 4 | B7: Epic | C7: 4 | D7: 5 | E7: 5 | F7: KeyCurrencyGold001 | G7: 6000
A8: 5 | B8: Epic | C8: 5 | D8: 6 | E8: 16 | F8: KeyCurrencyGold001 | G8: 9000
A9: 6 | B9: Epic | C9: 6 | D9: 7 | E9: 32 | F9: KeyCurrencyGold001 | G9: 12000
A10: 7 | B10: Epic | C10: 7

Sheet StrLegendary
A1: id | B1: 카드 등급 | C1: 현재 강화 단계 | D1: 강화 후 단계 | E1: 필요 카드량 | F1: 소모 재화 | G1: 필요 재화량
A2: int | B2: Enum | C2: int | D2: int | E2: int | F2: string | G2: int
A3: Id | B3: CardGrade | C3: Level | D3: NextLevel | E3: ReqCardAmount | F3: ReqCurrency | G3: ReqCurrencyAmount
A4: 1 | B4: Legendary | C4: 1 | D4: 2 | E4: 3 | F4: KeyCurrencyGold001 | G4: 777
A5: 2 | B5: Legendary | C5: 2 | D5: 3 | E5: 9 | F5: KeyCurrencyGold001 | G5: 7777
A6: 3 | B6: Legendary | C6: 3 | D6: 4 | E6: 16 | F6: KeyCurrencyGold001 | G6: 17777
A7: 4 | B7: Legendary | C7: 4 | D7: 5 | E7: 25 | F7: KeyCurrencyGold001 | G7: 27777
A8: 5 | B8: Legendary | C8: 5 | D8: 6 | E8: 36 | F8: KeyCurrencyGold001 | G8: 37777
A9: 6 | B9: Legendary | C9: 6 | D9: 7 | E9: 77 | F9: KeyCurrencyGold001 | G9: 77777
A10: 7 | B10: Legendary | C10: 7

Sheet Currency
A1: ID | B1: 최대 보유 | C1: 기본 키 | D1: 이름 | E1: 이미지 | F1: 설명
A2: int | B2: int | C2: string | D2: string | E2: string | F2: string
A3: Id | B3: Max | C3: Key | D3: Name | E3: Img | F3: Desc
A4: 1 | B4: 999999 | C4: KeyCurrencyGold001 | D4: NameCurrency001 | E4: ImgCurrency001 | F4: DescCurrency001

Sheet IMG_Effect
A1: ID | B1: 기본 키 | C1: 이름 | D1: 이미지 | E1: 설명
A2: int | B2: string | C2: string | D2: string | E2: string
A3: Id | B3: Key | C3: Name | D3: Img | E3: Desc
A4: 1 | B4: KeyImage01 | C4: NameImage01 | D4: Img_Intro_cut_01 | E4: DescImage01
A5: 2 | B5: KeyImage02 | C5: NameImage02 | D5: Img_Intro_cut_02 | E5: DescImage02
A6: 3 | B6: KeyImage03 | C6: NameImage03 | D6: Img_preseal_cut_01 | E6: DescImage03
A7: 4 | B7: KeyImage04 | C7: NameImage04 | D7: Img_preseal_cut_02 | E7: DescImage04
